{
    "name": "example1",
    "gpuuse": 1,
    "data_set": {
        "sleepedf_split": [
            0.9,
            5
        ],
        "sq_len": 8,
        "sq_step": 8
    },
    "data_loader": {
        "args": {
            "batch_size": 32,
            "num_folds": 78
        }
    },
    "optimizer": {
        "type": "Adam",
        "args": {
            "lr": 0.001,
            "a": 0.008,
            "weight_decay": 0.01,
            "amsgrad": true
        }
    },
    "trainer": {
        "epochs": 20,
        "save_dir": "saved/",
        "finetune_epochs": 30
    },
    "model": {
        "s_sizes": 30,
        "num_layers": 16,
        "num_retnet": 2,
        "C2D_seg_len": [
            10,
            20,
            50
        ],
        "C1D_seg_len": [
            1,
            3,
            10
        ],
        "d_model": 64
    },
    "best_f1": [
        0.870422269592822,
        0.8504078248427638,
        0.8419433015402064,
        0.8601434905035891,
        0.8083796571642774,
        0.7651466203898204,
        0.8186052257641364,
        0.845580166778951,
        0.7747340880410816,
        0.8025153762541366
    ],
    "best_f1_w": [
        0.0001,
        0.0001,
        0.01,
        0.0001,
        0.01,
        0.0001,
        0.0001,
        0.0001,
        0.0001,
        0.0001
    ],
    "cost_time": [
        3661.8463292121887,
        3781.3663635253906,
        3283.3070950508118,
        3537.801837205887,
        3737.823216199875,
        2303.0282866954803,
        2493.058806657791,
        3723.433204650879,
        3633.5712707042694,
        3256.199434041977
    ]
}